Student_ID,First_Name,Last_Name,Birth_Date,Gender,City,Email,Password,Department_ID
1,Eslam,Mohamed,3/15/1997,Male,Cairo,Eslam Mohamed@gmail.com,@mu5ejpG1,1
2,Omar,Ashraf,9/22/1998,Male,Cairo,Omar Ashraf@gmail.com,U7Gn,1
3,Mokhtar,Sameh,7/11/1995,Male,Cairo,Mokhtar Sameh@gmail.com,2NDN2J&H,1
4,Suhail,Ali,4/30/1999,Male,Aswan,Suhail Ali@gmail.com,C*mgRKDz,1
5,Alaa,Ahmed,12/8/1996,Female,Port Said,Alaa Ahmed@gmail.com,RX2rzym5,1
6,Layla,Elshehaby,5/12/1994,Female,Suez,Layla Elshehaby@gmail.com,ti4r6BVsDR,1
7,Mahmoud,Elwany,1/22/2000,Male,Luxor,Mahmoud Elwany@gmail.com,!dlpsqBB,1
8,Dina,Gaber,9/6/1993,Female,Mansoura,Dina Gaber@gmail.com,e@Te$Uu$,1
9,Hesham,Gouda,4/10/1992,Male,Tanta,Hesham Gouda@gmail.com,e$H0&f9Qy,1
10,Salma,Helal,8/21/1998,Female,Asyut,Salma Helal@gmail.com,lUvg@wf,1
11,Karim,Khedr,3/7/1997,Male,Fayoum,Karim Khedr@gmail.com,PkTfqJI,1
12,Yasmin,Mostafa,9/25/1996,Female,Damietta,Yasmin Mostafa@gmail.com,wHW!PXwX,2
13,Mustafa,Ragab,8/9/1995,Male,Zagazig,Mustafa Ragab@gmail.com,tG$*ec,2
14,Aya,Salah,11/11/1991,Male,Minya,Aya Salah@gmail.com,jKMY*Sub,2
15,Hassan,Shalaby,5/4/1990,Female,Sohag,Hassan Shalaby@gmail.com,ZO2i0Ec,2
16,Rana,Zaki,7/28/1999,Female,Qena,Rana Zaki@gmail.com,#pWhEajlE,2
17,Kareem,Nassar,10/12/1994,Male,Banha,Kareem Nassar@gmail.com,pw6Z5jaKe,2
18,Amira,Fathy,6/2/1993,Female,Assiut,Amira Fathy@gmail.com,B*xONohP,2
19,Hatem,Abdelmegid,2/6/1992,Male,Beni Suef,Hatem Abdelmegid@gmail.com,Ye7hI!hqF,2
20,Mona,Elshenawy,1/10/1991,Female,Ismailia,Mona Elshenawy@gmail.com,8PUvHJn,2
21,Adel,Elbadrawy,4/23/1996,Male,Kafr El Sheikh,Adel Elbadrawy@gmail.com,xl18QRVaZq,2
22,Asmaa,Elhennawy,2/5/1995,Female,Damanhur,Asmaa Elhennawy@gmail.com,FdD97ZE1Oe,2
23,Khaled,Elabbasy,1/29/1990,Male,Al Mahalla Al Kubra,Khaled Elabbasy@gmail.com,hQwx!X2J2,3
24,Rawan,Elsherbasy,9/11/1998,Female,Hurghada,Rawan Elsherbasy@gmail.com,3jhroO3z,3
25,Emad,Elhaddad,7/1/1997,Male,Arish,Emad Elhaddad@gmail.com,TmdIoFgj&J,3
26,Hana,Elganainy,5/6/1999,Female,Mallawi,Hana Elganainy@gmail.com,ih1Y4*YAC,3
27,Adham,Eltahan,3/8/1993,Male,Marsa Matruh,Adham Eltahan@gmail.com,0@GeSKaMb,3
28,Lamia,Elsabagh,6/12/1992,Female,Desouk,Lamia Elsabagh@gmail.com,RqYDs@k2z,3
29,Tarek,Elgabry,11/2/1991,Male,Girga,Tarek Elgabry@gmail.com,YzZ4XMvL,3
30,Fatma,Elshabrawy,1/10/1990,Female,Shibin El Kom,Fatma Elshabrawy@gmail.com,r6V0lJbYq@,3
31,Ramy,Elgarawany,1/4/1995,Male,Bani Mazar,Ramy Elgarawany@gmail.com,HEzGIiRnQ,3
32,Gehad,Elsharawy,6/7/1994,Female,Kafr El Dawwar,Gehad Elsharawy@gmail.com,%QbTa8H,3
33,Samir,Elmoselhy,9/12/1998,Male,Damietta,Samir Elmoselhy@gmail.com,Dn8ipg2Ym,4
34,Soha,Elsaidy,2/2/1997,Female,Mit Ghamr,Soha Elsaidy@gmail.com,H5xLki4,4
35,Hossam,Eltoukhy,3/6/1996,Male,Abu Kabir,Hossam Eltoukhy@gmail.com,irihQmq*J,4
36,Yara,Elhalwany,9/8/1990,Female,Saloum,Yara Elhalwany@gmail.com,&LbKo&Nlx,4
37,Sherine,Elsherbasy,12/10/1999,Female,Edku,Sherine Elsherbasy@gmail.com,Q0cfvw8x,4
38,Omar,Elbeleidy,6/1/1994,Male,Talkha,Omar Elbeleidy@gmail.com,%Hq3lrg@m,4
39,Laila,Elzoghbi,1/25/1993,Female,El-Qantara,Laila Elzoghbi@gmail.com,JA6lLBe,4
40,Ali,Elramly,3/9/1992,Male,Ibsheway,Ali Elramly@gmail.com,jpRcVX2TU,4
41,Hend,Elbeir,5/11/1991,Female,Metoubes,Hend Elbeir@gmail.com,WkKVvZdO,4
42,Hany,Elsheemy,7/13/1990,Male,Kafr Saad,Hany Elsheemy@gmail.com,as$folqJ95,4
43,Inas,Elbehey,11/5/1998,Female,Sharm El Sheikh,Inas Elbehey@gmail.com,1%VxSi,5
44,Magdy,Elbohy,6/19/1997,Male,Rosetta,Magdy Elbohy@gmail.com,hcXnFvvi,5
45,Rasha,Elbennawy,7/12/1996,Female,Edfu,Rasha Elbennawy@gmail.com,Lt4xDOAT7,5
46,Sameh,Elguindy,4/2/1995,Male,Baltim,Sameh Elguindy@gmail.com,eG3gfFzxv8,5
47,Amal,Elmessiry,4/6/1994,Female,Abu Hummus,Amal Elmessiry@gmail.com,GvHF9vMJ1r,5
48,Ahmed,Elghandour,7/10/1993,Male,Rosetta,Ahmed Elghandour@gmail.com,wpCBsgr,5
49,Rehab,Elganzoury,2/1/1992,Female,Bilbeis,Rehab Elganzoury@gmail.com,26XTtYKlX,5
50,Nader,Elabady,1/7/1991,Male,Samannoud,Nader Elabady@gmail.com,G6%48U8c$,5
51,Rania,Ibrahim,2/11/1990,Female,Derbent,Rania Ibrahim@gmail.com,pPo88Wz6,5
52,Said,Ali,4/3/1999,Male,Badr,Said Ali@gmail.com,@gbERgFys,5
53,Heba,Mohamed,5/27/1998,Female,Qift,Heba Mohamed@gmail.com,f!ax*aGU72,6
54,Mina,Abdelaziz,8/11/1997,Male,Naqada,Mina Abdelaziz@gmail.com,nQENoclj@,6
55,Basma,Hussein,3/31/1996,Female,Armant,Basma Hussein@gmail.com,t4@YalYY1G,6
56,Wael,Ahmed,2/25/1995,Male,Abnub,Wael Ahmed@gmail.com,jo4dW1mZw,6
57,Shahira,Said,8/9/1994,Female,Tamiya,Shahira Said@gmail.com,iePCIRhS,6
58,Akram,Hassan,01/31/93,Male,Dishna,Akram Hassan@gmail.com,DgJL$XH,6
59,Noha,Mahmoud,12/6/1992,Female,Quesna,Noha Mahmoud@gmail.com,xa6&sWMtm,6
60,Essam,Khalil,4/8/1991,Male,Ashmun,Essam Khalil@gmail.com,vdereds7Y,6
61,Shahinaz,Abdelrahman,5/12/1990,Female,Mit Badr,Shahinaz Abdelrahman@gmail.com,XaHax#MZr,6
62,Rafik,Taha,8/2/1998,Male,Minyat an Nasr,Rafik Taha@gmail.com,qypFm87z,6
63,Esraa,Mansour,2/6/1997,Female,Abu Qurqas,Esraa Mansour@gmail.com,ST0Wqmi4,6
64,Raafat,Khalid,5/10/1996,Male,Farshut,Raafat Khalid@gmail.com,QJ&QbcU0,1
65,Mayar,Kamal,9/22/1995,Female,Dar as Salam,Mayar Kamal@gmail.com,sy5CNWmua5,1
66,Yehia,Abdelhameed,11/4/1994,Male,Al-Hammam,Yehia Abdelhameed@gmail.com,kP3uDGs2,1
67,Mona,Abdelmoneim,3/8/1993,Female,Al-Balyana,Mona Abdelmoneim@gmail.com,Wz#Ru@Un3,1
68,Mohsen,Abdelwahab,6/11/1992,Male,Sidi Salem,Mohsen Abdelwahab@gmail.com,D9d5Ef5TA,1
69,Rasha,Abdelnasser,2/23/1991,Female,Kafr az Zayyat,Rasha Abdelnasser@gmail.com,*EgB1o#H&,1
70,Ahmed,Amer,10/7/1990,Male,Idfu,Ahmed Amer@gmail.com,yn@H9oaCy,1
71,Abeer,Abdelfattah,3/9/1999,Female,Beni Mazar,Abeer Abdelfattah@gmail.com,oT$&SbSnUq,1
72,Mohamed,Elsayed,5/1/1998,Male,Kawm Hamada,Mohamed Elsayed@gmail.com,ZknJOQy,1
73,Malak,Elshazly,1/5/1997,Female,Qalat Dibbin,Malak Elshazly@gmail.com,FOv#fNxTQ,1
74,Nabil,Elgabry,9/9/1996,Male,Qina,Nabil Elgabry@gmail.com,%VwQ$UG$3,1
75,Shaimaa,Elashry,11/11/1995,Female,Akhmim,Shaimaa Elashry@gmail.com,gsuXNDN4,1
76,Medhat,Eltaher,5/3/1994,Male,Abu Tig,Medhat Eltaher@gmail.com,nlMpllA,2
77,Lobna,Elbarbary,6/7/1993,Female,Abu al-Matamir,Lobna Elbarbary@gmail.com,QLcJgEK4,2
78,Sayed,Elzoghby,1/11/1992,Male,Matay,Sayed Elzoghby@gmail.com,YZNlByQ#o,2
79,Samar,Elshafie,3/31/1991,Female,Al-Hamra,Samar Elshafie@gmail.com,0XSn6i2n,2
80,Tamer,Elbana,12/6/1990,Male,Al-Fashn,Tamer Elbana@gmail.com,uKJYb%e2w,2
81,Hanan,Elsayed,2/8/1998,Female,Akhmim,Hanan Elsayed@gmail.com,7otkdI#MX$,2
82,Fathy,Elagamy,8/12/1997,Male,Ihnasiya,Fathy Elagamy@gmail.com,&P3tUbDQmT,2
83,Rehab,Elhadary,1/2/1996,Female,Arment,Rehab Elhadary@gmail.com,!Tv3#,2
84,Khaled,Elbadawy,6/6/1995,Male,Akhmim,Khaled Elbadawy@gmail.com,B8Jzytc!W,2
85,Yasmeen,Eldesoky,8/18/1994,Female,Tima,Yasmeen Eldesoky@gmail.com,x9x!Tjd1zL,2
86,Ibrahim,Elshorbagy,1/2/1993,Male,Kharga,Ibrahim Elshorbagy@gmail.com,*A*XkSX@so,2
87,Ola,Elsherbiny,5/5/1992,Female,Balat,Ola Elsherbiny@gmail.com,bHj6XNivY,2
88,Khaled,Elsaid,5/9/1991,Male,Aswan,Khaled Elsaid@gmail.com,U*LQ4TB,3
89,Lina,Elrefaey,6/1/1990,Female,Qift,Lina Elrefaey@gmail.com,jPXej1a,3
90,Hossam,Elmasry,1/3/1999,Male,Aswan,Hossam Elmasry@gmail.com,xAFRVvxPI,3
91,Nadia,Elnaggar,2/7/1998,Female,Qift,Nadia Elnaggar@gmail.com,KD*o29WS,3
92,Hatem,Eldemery,1/11/1997,Male,Aswan,Hatem Eldemery@gmail.com,ZIxur7tS,3
93,Reem,Elwakil,2/1/1996,Female,Sohag,Reem Elwakil@gmail.com,gyXMEO#9,3
94,Nasser,Elzomor,11/5/1995,Male,Suhag,Nasser Elzomor@gmail.com,f!&K3DyY,3
95,Shaima,Elshemy,2/9/1994,Female,Aswan,Shaima Elshemy@gmail.com,8ViB7m9i5V,3
96,Sherif,Elbendary,6/2/1993,Male,Luxor,Sherif Elbendary@gmail.com,W8tNGFRgD,3
97,Asmaa,Elbehiry,9/6/1992,Female,Aswan,Asmaa Elbehiry@gmail.com,UVq4TkoP#,3
98,Ayman,Elsheikh,2/8/1991,Male,Aswan,Ayman Elsheikh@gmail.com,waJ2tZUZ,3
99,Reham,Elhadad,1/12/1990,Female,Sohag,Reham Elhadad@gmail.com,zxtzegit68,3
100,Tarek,Eltayeb,2/4/1998,Male,Aswan,Tarek Eltayeb@gmail.com,fCHdYWUi,3
101,Amr,Abdelbaky,7/9/1997,Male,Kafr El Dawwar,Amr Abdelbaky@gmail.com,BHnJk&5%,3
102,Ghada,Abouzeid,9/11/1996,Female,Al-Badari,Ghada Abouzeid@gmail.com,jf2b#&*Y,4
103,Walid,Elmasri,4/3/1995,Male,Sidi Barrani,Walid Elmasri@gmail.com,2Ul1YWoog,4
104,Ghina,Elrawi,1/7/1994,Female,Faraskur,Ghina Elrawi@gmail.com,aLGwK6JDA,4
105,Sherif,Elshaarawy,2/11/1993,Male,Idku,Sherif Elshaarawy@gmail.com,!bp3pi8oD,4
106,Hadeer,Elshehaby,12/4/1993,Female,Shubra Khit,Hadeer Elshehaby@gmail.com,&&3fK3IE,4
107,Yasser,Elwany,5/8/1992,Male,Sers,Yasser Elwany@gmail.com,2EZFSV,4
108,Amani,Gaber,7/1/1991,Female,Faiyum,Amani Gaber@gmail.com,CqH3E2UUK,4
109,Maged,Gouda,2/15/1990,Male,Aswan,Maged Gouda@gmail.com,1whVJ$aEE7,4
110,Asmaa,Helal,3/7/1999,Female,Asyut,Asmaa Helal@gmail.com,vJdphijd,4
111,Fadi,Khedr,1/11/1998,Male,Asyut,Fadi Khedr@gmail.com,Em2GDBj8,4
112,Yomna,Mostafa,2/2/1998,Female,Aswan,Yomna Mostafa@gmail.com,PL1JjS93RW,4
113,Magdy,Ragab,1/26/1997,Male,Luxor,Magdy Ragab@gmail.com,xi6AEH0jbP,4
114,Sameh,Shalaby,2/12/1995,Male,Aswan,Sameh Shalaby@gmail.com,XyqTXIs%,4
115,Dalia,Zaki,9/4/1994,Female,Gharbia,Dalia Zaki@gmail.com,Ul8wzYi$,5
116,Hesham,Nassar,2/28/1993,Male,Qalyubia,Hesham Nassar@gmail.com,qTreMMImZ,5
117,Nouran,Fathy,5/12/1992,Female,Kafr El Sheikh,Nouran Fathy@gmail.com,z8hE1yj,5
118,Emad,Abdelmegid,1/1/1992,Male,Sharqia,Emad Abdelmegid@gmail.com,c!AMT#D,5
119,Yasmeen,Elshenawy,1/25/1991,Female,Monufia,Yasmeen Elshenawy@gmail.com,&*piOQ5Wmt,5
120,Tamer,Elbadrawy,12/10/1990,Male,Damietta,Tamer Elbadrawy@gmail.com,4RdWv9he,5
121,Eman,Elhennawy,4/1/1999,Female,Sohag,Eman Elhennawy@gmail.com,Bn*aUaRI,5
122,Hazem,Elabbasy,7/6/1998,Male,Aswan,Hazem Elabbasy@gmail.com,I@X&4M91q,5
123,Malak,Elsherbasy,2/10/1997,Male,Beheira,Malak Elsherbasy@gmail.com,SsQGvo41Q,5
124,Salah,Elhaddad,2/2/1997,Male,Luxor,Salah Elhaddad@gmail.com,Nnp4xw&XB,5
125,Heba,Elganainy,6/6/1996,Female,Red Sea,Heba Elganainy@gmail.com,rsbG64OO,5
126,Amira,Eltahan,10/8/1995,Female,New Valley,Amira Eltahan@gmail.com,EPvYMNjds,5
127,Mamdouh,Elsabagh,12/1/1994,Male,Matruh,Mamdouh Elsabagh@gmail.com,42xv!@GPg,5
128,Farah,Elgabry,2/15/1993,Female,North Sinai,Farah Elgabry@gmail.com,aZ*iol!%M,6
129,Ahmed,Elshabrawy,6/9/1992,Male,South Sinai,Ahmed Elshabrawy@gmail.com,5obg&%Vk4j,6
130,Mona,Elgarawany,9/11/1991,Female,Qena,Mona Elgarawany@gmail.com,remxV*$N,6
131,Rafik,Elsharawy,3/4/1991,Male,Menoufia,Rafik Elsharawy@gmail.com,@If*1pI,6
132,Aya,Elmoselhy,1/8/1990,Female,Port Said,Aya Elmoselhy@gmail.com,Wpp3Mc3tg,6
133,Kareem,Elsaidy,9/10/1999,Male,Ismailia,Kareem Elsaidy@gmail.com,JsHcUQf,6
134,Rasha,Eltoukhy,12/3/1998,Female,Fayoum,Rasha Eltoukhy@gmail.com,ToKNAC0,6
135,Tarek,Elhalwany,6/27/1997,Male,Beni Suef,Tarek Elhalwany@gmail.com,&Set72Id,6
136,Hoda,Elsherbasy,9/12/1996,Female,Sohag,Hoda Elsherbasy@gmail.com,z2kBfBSU*,6
137,Omar,Elbeleidy,2/22/1996,Male,Minya,Omar Elbeleidy@gmail.com,eyN3EZdXB,6
138,Maha,Elzoghbi,7/6/1995,Female,Aswan,Maha Elzoghbi@gmail.com,hnike35#oI,6
139,Akram,Elramly,2/10/1994,Male,Damietta,Akram Elramly@gmail.com,vFZIKVf,6
140,Salma,Elbeir,1/2/1993,Female,Port Said,Salma Elbeir@gmail.com,5JQsPgs,1
141,Mahmoud,Elsheemy,12/4/1992,Male,Beni Suef,Mahmoud Elsheemy@gmail.com,@GjnA$p9z%,1
142,Nour,Elbehey,8/28/1991,Female,Red Sea,Nour Elbehey@gmail.com,Rg!yZunGZ9,1
143,Sherif,Elbohy,8/1/1990,Male,Matruh,Sherif Elbohy@gmail.com,6J5dkfVQ,1
144,Hend,Elbennawy,2/3/1999,Female,Aswan,Hend Elbennawy@gmail.com,NZ#sxhdPl,1
145,Adel,Elguindy,6/7/1998,Male,Fayoum,Adel Elguindy@gmail.com,BpeQWVt9tJ,1
146,Mariam,Elmessiry,9/11/1997,Female,Ismailia,Mariam Elmessiry@gmail.com,&DBXqSjq,1
147,Hisham,Elghandour,2/1/1997,Male,South Sinai,Hisham Elghandour@gmail.com,8X#SnV%O8,1
148,Nourhan,Elganzoury,1/5/1996,Female,Qena,Nourhan Elganzoury@gmail.com,9od8WNsAI,1
149,Islam,Elabady,9/9/1995,Male,Gharbia,Islam Elabady@gmail.com,ycVT5kaeG,1
150,Samar,Elbaroudy,12/12/1994,Female,New Valley,Samar Elbaroudy@gmail.com,Hg$Tcs3YoA,1
151,Karim,Elshamy,2/24/1994,Male,Monufia,Karim Elshamy@gmail.com,1@acakp*O,2
152,Dina,Elghazawy,7/9/1993,Female,North Sinai,Dina Elghazawy@gmail.com,$LmV9RltE,2
153,Hassan,Elsakhawy,2/1/1993,Male,Qalyubia,Hassan Elsakhawy@gmail.com,t2g*GrjG,2
154,Esraa,Elzamzamy,3/5/1992,Female,Kafr El Sheikh,Esraa Elzamzamy@gmail.com,zTU*9%A@V,2
155,Yara,Elroby,6/9/1991,Female,Luxor,Yara Elroby@gmail.com,Xq3!Pd,2
156,Mohamed,Elagamy,3/12/1990,Male,Sharqia,Mohamed Elagamy@gmail.com,g0Lb09X,2
157,Fatma,Elabbar,12/2/1999,Female,Beheira,Fatma Elabbar@gmail.com,%V00k#jV,2
158,Mohamed,Elgallad,7/26/1998,Male,Damietta,Mohamed Elgallad@gmail.com,22lICpN9,2
159,Noura,Elwan,10/11/1997,Female,Sohag,Noura Elwan@gmail.com,uGjx0UniT,2
160,Emad,Elshenety,2/3/1997,Male,Aswan,Emad Elshenety@gmail.com,@j2S20lfXR,2
161,Yomna,Eldeeb,6/7/1996,Female,Red Sea,Yomna Eldeeb@gmail.com,NmVI53um,2
162,Walid,Elmaghraby,9/21/1995,Male,Matruh,Walid Elmaghraby@gmail.com,m*zdf9I6wU,2
163,Nada,Elzohiry,3/3/1995,Female,New Valley,Nada Elzohiry@gmail.com,UoI8@W#o,3
164,Fadi,Elsayed,1/7/1994,Male,North Sinai,Fadi Elsayed@gmail.com,vf8aFWt,3
165,Mayar,Elbedeawy,2/11/1993,Female,Beni Suef,Mayar Elbedeawy@gmail.com,h#lg#646,3
166,Amr,Elansary,12/4/1993,Male,Port Said,Amr Elansary@gmail.com,fWQ*46MXM,3
167,Hadeer,Eltaweel,5/8/1992,Female,Minya,Hadeer Eltaweel@gmail.com,Vi25BgJf,3
168,Ghada,Elshorbagy,7/1/1992,Female,Fayoum,Ghada Elshorbagy@gmail.com,5px71pDaXV,3
169,Yasser,Elsherbini,1/5/1991,Male,Ismailia,Yasser Elsherbini@gmail.com,53m6YsgvK,3
170,Ghina,Elgawad,3/9/1990,Female,South Sinai,Ghina Elgawad@gmail.com,SniQIzy%!,3
171,Walid,Elgohary,1/11/1999,Male,Gharbia,Walid Elgohary@gmail.com,XVIKxmA,3
172,Ghada,Eltokhy,1/4/1999,Female,Qena,Ghada Eltokhy@gmail.com,TlO9pl8v3,3
173,Sherif,Elboraie,1/28/1998,Male,Qalyubia,Sherif Elboraie@gmail.com,WliIvy25,3
174,Hadeer,Elbehiry,2/12/1998,Female,Kafr El Sheikh,Hadeer Elbehiry@gmail.com,570y#QD6N,3
175,Yasser,Elsamy,10/2/1998,Male,Sharqia,Yasser Elsamy@gmail.com,&JgLCLFSnY,3
176,Amani,Elganzouri,2/26/1997,Female,Monufia,Amani Elganzouri@gmail.com,gSe1iBpjH,3
177,Maged,Elbassuoni,8/11/1996,Male,Beheira,Maged Elbassuoni@gmail.com,UkvXMU0#xl,4
178,Asmaa,Eladl,2/31/1996,Female,Damietta,Asmaa Eladl@gmail.com,ZLVcAIt0d,4
179,Fadi,Elshekh,6/6/1995,Male,Sohag,Fadi Elshekh@gmail.com,0WkBnRwXh,4
180,Yomna,Elsaidy,9/10/1994,Female,Aswan,Yomna Elsaidy@gmail.com,q$27quukl,4
181,Magdy,Elgindy,1/2/1994,Male,Red Sea,Magdy Elgindy@gmail.com,pYHYevM!@B,4
182,Nada,Elnefawy,1/6/1993,Female,Matruh,Nada Elnefawy@gmail.com,HS6kdG,4
183,Sameh,Elmesiry,9/19/1992,Male,New Valley,Sameh Elmesiry@gmail.com,Cl%A5wBhgq,4
184,Dalia,Elghoroury,12/3/1992,Female,North Sinai,Dalia Elghoroury@gmail.com,mjWemHQF,4
185,Hesham,Elghanam,2/7/1991,Male,Beni Suef,Hesham Elghanam@gmail.com,vy95f7x@n%,4
186,Nouran,Elkhawaga,8/12/1990,Female,Port Said,Nouran Elkhawaga@gmail.com,Dyu9EF1@k,4
187,Emad,Elkhawanky,2/2/1999,Male,Minya,Emad Elkhawanky@gmail.com,$i57Y1qKiF,4
188,Yasmeen,Elsharkawy,5/7/1998,Female,Fayoum,Yasmeen Elsharkawy@gmail.com,L%%Dzv4,4
189,Tamer,Elshelb,1/11/1997,Male,Ismailia,Tamer Elshelb@gmail.com,OYPbbS#%w,4
190,Eman,Elsherif,4/3/1997,Female,South Sinai,Eman Elsherif@gmail.com,CxNthZJ04t,4
191,Hazem,Elbanhawy,8/7/1996,Male,Gharbia,Hazem Elbanhawy@gmail.com,KWJuLCQo&,5
192,Malak,Elshokary,3/13/1995,Female,Qena,Malak Elshokary@gmail.com,$b2CA#A3,5
193,Salah,Elshorbagi,12/4/1995,Male,Qalyubia,Salah Elshorbagi@gmail.com,%kuISv@,5
194,Heba,Elkholy,2/8/1994,Female,Kafr El Sheikh,Heba Elkholy@gmail.com,KsEprqGuu,5
195,Amira,Eltaher,9/1/1993,Female,Sharqia,Amira Eltaher@gmail.com,M#8tohpgJ,5
196,Mamdouh,Elshimy,3/5/1992,Male,Monufia,Mamdouh Elshimy@gmail.com,KNO#iJEAU,5
197,Farah,Elsayed,5/10/1991,Female,Beheira,Farah Elsayed@gmail.com,XhrTTZrK&,5
198,Ahmed,Elsharif,7/2/1991,Male,Damietta,Ahmed Elsharif@gmail.com,$F7fvI%uTI,5
199,Mona,Elhalaby,2/6/1990,Female,Sohag,Mona Elhalaby@gmail.com,nMY19oIja,5
